Temperature,Pressure,Voltage,Altitude,Speed
42.472407130841745,1011.185289472238,10.488152939379116,449.8095607205338,132.20344536382714
77.04285838459498,963.9493860652042,11.98070764044508,344.2141285965063,101.02875648758253
63.919636508684306,979.2144648535218,10.137554084460874,845.8637582367364,63.0167432308444
42.472407130841745,986.6361843293691,13.637281608315128,421.07799402423035,28.26258553718307
29.36111842654619,995.6069984217036,11.035119926400068,352.84105871864267,60.42770182303609
29.35967122017216,1028.5175961393013,12.650089137415929,588.4264748424237,62.27383186347711
23.485016730091967,969.967378215836,11.246844304357644,226.83180247728637,114.84880318394833
71.97056874649611,1001.4234438413612,11.98070764044508,821.9772826786357,102.88247127617771
56.06690070459253,1009.2414568862042,12.186841117373119,167.09557931179376,135.33765653492244
62.48435466776273,954.6450412719997,10.739417822102109,988.1982429404655,81.38794027105341
21.23506965774815,1010.7544851901439,13.878338511058235,795.0202923669917,35.54725197197922
78.19459112971967,967.0524123687292,13.100531293444458,278.8441133807552,112.72182233898936
69.94655844802531,956.5051592985279,13.757995766256757,449.8095607205338,118.90205632019666
32.74034664069657,1044.8885537253334,13.579309401710596,833.9152856093507,92.96603568403451
30.909498032426036,1046.563203307456,12.39159991524434,736.1716094628554,120.22573339409293
31.00427059120603,1030.8397348116462,13.687496940092467,756.1064512368886,84.1934275273708
38.254534577572265,980.461376917337,10.353970008207678,794.1433120173511,87.95526781965923
51.48538589793427,959.7672114006384,10.783931449676581,166.64018656068134,75.58033238661145
45.916701118526944,1018.4233026512156,10.180909155642151,422.61915568984534,23.304486476732375
37.47374841188251,994.0152493739602,11.301321323053058,204.28215357261675,34.02588550912958
